Shape__Length,X,Y,difficulty,completionTime
59.10019458,174.866523,-41.25596885,Easy,10
70.68811297,174.0718331,-35.31995421,Easy,30
81.69025743,173.8575231,-35.71514731,Easy,10
89.8950159,173.0843569,-34.72311026,Easiest,20
100.4951503,171.3275657,-42.11516818,"Easiest,Easy",20
116.0999774,167.7130949,-45.43010561,Easy,10
125.5956702,173.3711868,-35.5363898,Easiest,5
137.8693219,176.346294,-38.1753034,Easiest,10
139.0718214,176.2154953,-38.40115559,Easiest,5
140.4723515,172.2632699,-42.53045359,"Advanced,Expert",10
143.563654,168.010272,-45.02987184,Easiest,5
151.5157082,174.3900604,-36.06466969,Easy,30
169.0144405,169.3749931,-46.60730144,Easy,5
169.6237935,173.963922,-35.21883242,Easiest,15
176.0191419,174.1668331,-35.2318329,Easy,10
183.4257357,175.723153,-39.64795928,Easiest,10
198.7856121,172.9008705,-41.03283154,Easiest,5
200.3048062,174.8626603,-38.25539436,Easiest,45
207.0615346,176.7031643,-38.63982751,Easiest,10
208.2829124,173.8352737,-40.92607571,Easiest,15
221.7758425,174.8686103,-38.39478042,Easy,10
225.4752594,172.600785,-40.55306425,Easy,20
227.2872097,172.6169847,-41.69061454,Easiest,15
228.1565857,170.9799408,-45.12184201,Easy,10
246.1265182,173.5624576,-35.67331867,Easiest,5
253.3400256,173.3994557,-34.82723525,Easiest,5
253.6634487,173.5274021,-35.60063695,Easiest,20
259.7499315,174.900665,-38.26026375,Easiest,15
265.1957755,172.595774,-41.79585298,Easiest,15
274.1022157,175.6614796,-38.64802625,Easy,10
276.5775809,170.1131962,-46.00161732,Easiest,30
285.522422,169.2409731,-44.99459593,Easy,15
285.8333245,175.1003698,-39.91317677,Easiest,20
291.4358031,173.5326764,-35.60851491,Easiest,5
310.0839589,171.0180265,-42.95598682,Easiest,15
316.6597928,170.2063326,-43.24879289,Easiest,30
320.9138059,174.1284069,-35.8933822,Easy,55
329.6915735,171.2442882,-43.90556411,Easy,60
338.6514663,-176.3525828,-43.79964273,Easy,20
344.8170835,168.3310682,-44.82408174,Advanced,180
347.8532139,170.0292106,-43.49249803,Easiest,20
348.8337255,174.1116327,-35.28444771,Easy,10
368.7750957,176.2310942,-40.90082806,Easiest,30
372.0776642,168.6664099,-44.98327853,Easy,20
379.2857021,173.3803554,-34.96730613,Easy,10
379.8068377,174.8491785,-38.26052732,Easiest,20
384.1486287,170.826236,-45.34631272,Easiest,10
385.910448,167.3810152,-45.74730919,Advanced,45
386.1580429,174.8661365,-41.25948258,Easy,30
402.2404159,173.7491103,-35.25370741,Easy,120
405.5839122,177.9598612,-38.59633908,Easiest,15
409.9106773,176.947083,-38.01262153,Easiest,30
414.7134115,175.928506,-37.87034285,Advanced,20
417.1544846,167.9503414,-44.72143622,Easiest,20
421.0406688,173.963922,-35.21883242,Easy,20
432.0511704,174.1198397,-35.24385679,Easy,15
432.1570438,174.4229585,-35.43504046,Easy,105
445.5105203,174.1217092,-39.30665133,Easiest,15
448.4183459,175.9082299,-40.08126633,Easy,20
452.6420715,173.9426985,-35.21424904,Easiest,10
462.9227171,176.2986534,-37.94905874,Advanced,45
465.3485804,174.2836226,-35.58761694,Easy,20
471.4742767,170.703804,-45.7814491,Easiest,30
475.3688812,170.5631945,-43.15244995,Easiest,30
484.7834673,167.3872678,-45.9919314,Easy,40
487.7232172,170.184529,-43.3929529,Easiest,30
494.6960871,174.9303168,-41.34895167,Easy,30
512.828967,175.0774633,-38.26582858,Easiest,45
514.5136897,174.2055828,-36.10168603,Easiest,15
516.548047,176.8169691,-39.91908712,Easiest,20
523.2183166,175.077648,-40.87786801,Easiest,30
524.689008,170.6997546,-45.87430369,Easiest,5
532.1984818,176.2466755,-37.80015673,Advanced,15
552.5527021,168.1267249,-44.69501715,Easy,30
565.4305424,174.9338176,-38.45765091,Easy,30
570.6013386,173.8609415,-42.21528362,Easy,10
573.3151821,170.9596454,-44.66690682,Easy,90
574.4098989,168.5274676,-45.07332148,Easy,20
579.0743486,168.1021294,-44.80697599,Easy,20
586.5608903,172.6788534,-34.42806531,Easiest,10
587.1722634,174.1347478,-35.89281859,Easy,65
587.9502893,170.3313459,-43.16040487,Easiest,20
589.5379086,170.0241249,-43.48463634,Easiest,30
590.2522019,175.5311852,-37.86209854,Easiest,30
592.9489328,173.7330088,-35.01356174,Intermediate,45
594.7174842,171.1924691,-42.64755518,Easiest,10
599.2196408,173.5339515,-35.60947249,Easiest,10
604.359229,174.5099989,-35.8209877,Easy,120
608.5744083,169.2629773,-44.43978486,Easiest,30
609.4229794,169.4109627,-44.93583575,Easy,15
616.8003509,177.385703,-38.11877588,Easy,30
622.142677,167.6354101,-45.86641065,Easy,30
631.219432,174.1167696,-35.25481168,Easy,15
643.2784105,177.310239,-38.07897202,Easy,25
650.364047,172.6780592,-34.4458266,Easy,45
663.4484764,170.1632266,-43.69802699,Easy,60
665.0760631,171.3018697,-43.62694102,Easy,30
672.5209702,173.7997825,-35.19879024,Easiest,15
685.0776383,171.3241491,-42.43437379,Easiest,60
704.5008234,170.01791,-43.46884789,Easiest,20
710.5992183,176.2966381,-39.93175952,Easiest,180
718.0697865,173.8301123,-42.24422334,Easiest,10
719.6814706,174.9110234,-41.35288403,Easiest,30
732.4287207,170.4553895,-45.9206778,Easy,60
739.8661021,174.141705,-35.45304397,Easy,30
740.6864757,176.3301128,-38.18286335,Easiest,30
741.214239,173.6282417,-35.23482403,Easy,10
742.1236204,169.3444648,-44.1206154,Easy,90
744.4286724,172.8117893,-40.88719744,Easy,30
751.2945047,174.2736441,-41.09548344,Easy,30
751.3623019,175.5137299,-36.72093577,Easy,30
753.8049289,169.2762875,-44.16419766,Easiest,60
757.8705966,174.8989912,-37.90769861,Easiest,10
779.2995339,173.6275539,-35.23992101,Easy,30
798.2801134,175.123615,-38.26221999,Easy,20
804.2463441,175.5471346,-36.83205956,Easiest,30
811.2098132,175.716165,-38.56541064,Easy,60
813.0331334,171.7431299,-43.19643979,Easiest,60
832.2713822,177.7218936,-38.99058227,Easy,20
847.9450083,167.5425042,-45.57469771,Advanced,105
851.9562433,175.7633309,-38.96790184,Easiest,20
851.9562433,177.5180964,-38.83024784,Easiest,5
859.1720623,175.8750084,-38.93407312,Easiest,20
878.0722815,175.0618853,-37.29329927,Easiest,25
879.9340234,175.8166568,-40.33970609,Easiest,15
891.9396059,170.1680118,-43.42483373,Easiest,20
892.5191947,171.3481449,-42.55364769,Easy,45
905.2593963,168.7105887,-45.32653362,Advanced,90
914.8401535,167.9239588,-44.67151848,Easiest,30
941.3207412,169.1615751,-44.69207779,Easy,90
955.5704825,170.6163904,-45.73543955,Easy,45
957.9531716,176.5195439,-38.15950746,Easiest,20
970.7019197,170.0375426,-43.48983494,Easiest,60
975.8485552,169.5614119,-46.5176704,Easiest,20
993.3457423,175.5413607,-40.81115051,Easy,30
1004.34956,173.9725344,-41.18948446,Easy,15
1005.548485,169.3494587,-46.57160009,Easiest,40
1016.771432,176.4560913,-38.24842616,Easiest,20
1023.483485,167.5174805,-45.81604691,Easiest,30
1030.501749,173.7732223,-41.04975194,Easy,45
1041.256098,167.1685361,-45.47019623,Advanced,120
1042.931191,174.6130867,-36.361774,Easy,40
1067.392715,174.8639019,-41.2575768,Easy,40
1093.080581,172.8618034,-40.88149487,Easy,60
1093.34753,175.7150369,-36.83308426,Easiest,20
1100.646989,167.492798,-45.54304181,Easy,45
1100.994072,169.2112423,-44.67350164,Easy,45
1106.282421,174.7842222,-38.92231751,Easiest,30
1112.902843,175.7242283,-37.42702509,Easiest,60
1117.042356,175.6018633,-41.06301524,Easiest,30
1131.947017,172.8804171,-40.94422146,Easy,45
1141.356448,169.4859153,-46.5040545,Easiest,30
1151.120832,167.1700337,-45.47892229,Advanced,180
1155.619453,176.878546,-39.28617344,Easiest,30
1162.419368,175.571237,-36.98999731,Easiest,20
1183.018317,176.8575316,-39.43149127,Easiest,60
1190.301175,176.8299482,-39.54858359,Easiest,45
1195.007303,173.9522514,-35.21686631,Easy,90
1196.371604,172.7059724,-40.76966994,Easy,30
1207.195197,175.1480061,-37.96794879,Easiest,60
1216.877778,170.9648717,-44.69851924,Easy,20
1219.94637,176.3436812,-38.01083218,Easiest,30
1243.332956,173.8506275,-34.99448563,Easy,60
1252.186524,172.4014761,-42.37952369,Easiest,20
1256.537599,173.9757792,-36.05813313,Easy,20
1283.266501,168.0828436,-44.89367366,Easiest,45
1291.993521,174.1058358,-39.32500101,Easiest,10
1306.951378,174.0455177,-35.19197683,Easy,15
1310.65534,173.7430148,-41.12831111,Easy,60
1313.942264,169.7044211,-46.5037751,Easy,60
1314.581559,173.1962236,-35.03271511,Easy,60
1331.310221,170.1785537,-43.41584083,Easy,60
1334.950782,175.9688141,-38.88315273,Easy,60
1345.922763,174.47424,-36.84126,Easy,40
1350.7861,169.6529988,-44.40562189,Expert,30
1362.962096,175.6235208,-36.72096877,Easiest,15
1368.376805,172.3478921,-43.79328857,Easiest,40
1377.753308,175.3343713,-36.52491565,Advanced,30
1394.428578,170.8990708,-43.54596079,Easy,30
1401.474524,176.4977849,-38.0340896,Easy,90
1402.645063,173.6108801,-35.55701277,Advanced,120
1408.041126,174.8031312,-36.27087708,Easy,45
1409.032307,175.1371005,-37.66270769,Easiest,60
1410.206518,175.3920994,-36.24068217,Easy,120
1415.750173,167.1564114,-45.46365128,Easy,60
1424.112756,178.100482,-38.66446304,Easiest,30
1426.186743,175.2325144,-40.64655285,Easiest,10
1446.18146,174.2816506,-35.25369403,Easy,60
1456.714926,174.9727674,-39.2744882,Easy,90
1465.692306,167.9281778,-44.67278458,Easy,20
1466.475232,171.5609532,-42.93523298,Easy,60
1479.670194,176.0202049,-40.12495673,Easiest,60
1499.878123,176.2206607,-40.90463048,Easy,90
1500.968132,169.437736,-46.5795757,Easiest,27
1506.17244,175.129451,-37.68216206,Easiest,30
1520.406158,175.243478,-38.53420482,Advanced,60
1520.582841,173.6484824,-35.720947,Easiest,40
1524.476394,168.4982227,-45.07305085,Easy,90
1529.82184,170.1660997,-43.38460672,Easiest,80
1530.708022,175.3919067,-36.23180503,Advanced,120
1532.179283,167.5364505,-45.77598852,Easy,40
1539.580717,173.5643664,-35.65677173,Advanced,60
1546.008173,169.7940861,-44.36386898,"Advanced,Expert",30
1583.815385,175.5243609,-39.96467641,Easy,20
1590.882815,175.4255265,-36.24329061,Advanced,60
1591.144955,173.412972,-34.82165351,Advanced,90
1637.199197,169.193467,-44.495988,Easy,60
1640.837209,176.1870204,-38.12754721,Easiest,60
1653.258903,176.6938405,-38.67290623,Easy,90
1660.45584,174.4758837,-35.8618324,Easy,60
1662.312478,174.0833921,-35.28901495,Easy,60
1669.669622,171.4016795,-42.62703957,Easy,150
1691.394418,167.1460883,-45.46904299,Advanced,150
1693.526664,173.7382905,-35.21557034,Advanced,45
1696.989448,174.5407064,-35.61154894,Easy,60
1699.139854,175.7799658,-39.80990092,Easy,60
1706.756362,172.9402163,-40.83876811,Easy,80
1721.1847,171.1470638,-42.80198498,Easiest,2
1735.127961,175.4310751,-36.69918958,Easiest,40
1737.533055,170.1783166,-43.40853847,Easy,120
1742.938067,176.1894163,-38.12401263,Easy,90
1747.25978,174.4131623,-35.44560998,Easy,90
1777.598835,171.239238,-44.08704474,Easiest,10
1779.514697,175.8076331,-39.166611,Advanced,90
1793.448185,168.7207567,-45.31956667,Easy,60
1799.642283,168.1193661,-44.81688249,Intermediate,180
1800.777645,172.2503987,-43.19867596,Easy,60
1807.070041,173.5023187,-34.98966447,Easiest,40
1816.320526,175.7925783,-38.81613128,Advanced,45
1823.821482,175.3923034,-38.9927282,Easy,120
1830.543523,170.2015156,-43.38714252,Easy,80
1841.243254,172.5256625,-43.14721282,Easiest,60
1864.986843,170.1872879,-43.39340539,Easy,80
1873.107038,176.4644729,-38.17705883,Advanced,180
1887.201153,175.7990532,-36.83335308,Easy,90
1925.027227,174.6454256,-36.34569595,Advanced,420
1929.69533,176.0153801,-39.95602211,Easy,90
1931.956641,173.7498791,-35.04839152,Easy,30
1945.604475,174.8551704,-36.80793065,Easy,60
1967.638846,176.329267,-38.18742882,Easy,90
1986.44383,167.8236783,-45.20097449,Easy,45
2024.435791,177.1343899,-38.80154578,Advanced,60
2028.361376,174.0909565,-35.16835495,Easy,40
2038.63973,174.9375085,-41.35380735,Advanced,120
2068.743095,173.5314198,-35.61368091,Easiest,80
2078.316122,170.1751164,-46.04160179,Easy,120
2082.121385,174.8233785,-37.82589575,Easiest,25
2102.553963,174.812052,-36.82756142,Easiest,60
2104.215157,174.4377133,-35.78724078,Easy,90
2108.03821,175.8435569,-36.97900715,Advanced,30
2123.484631,170.668048,-45.63945408,Easy,45
2132.356864,178.3269359,-38.3827811,Easy,150
2161.883617,168.5668418,-45.00450413,Easy,150
2165.982885,176.7261257,-38.66906846,Easy,60
2174.668886,170.1873921,-46.05418827,Easiest,45
2244.825728,175.1543222,-37.60930561,Easy,120
2249.252265,175.8976195,-38.9107737,Easy,40
2252.231112,173.4108992,-34.82914702,Easy,180
2280.081638,175.8214401,-39.15157677,Easy,150
2294.349824,173.7217323,-35.02298204,Intermediate,120
2298.781026,175.0785623,-37.77352233,Advanced,60
2302.309487,169.2079604,-44.34102058,Advanced,420
2306.367613,169.6244622,-44.3781718,Expert,60
2338.225179,168.0302838,-44.90626432,Advanced,180
2351.410813,169.1892161,-44.67673795,Easy,105
2355.609303,175.7403629,-39.02305849,Easy,120
2358.053015,174.1335631,-35.88794732,Easy,150
2396.203775,177.5966034,-38.23947827,Easy,150
2415.457998,173.9589733,-35.22034056,Easy,60
2443.805508,174.1714121,-41.0741186,Advanced,120
2444.081838,175.1639792,-38.52462111,Easy,60
2453.599699,170.6387815,-45.89358221,Easy,90
2456.580522,176.0207557,-40.11345383,Advanced,150
2458.612226,174.4255217,-35.4523947,Easy,150
2462.407093,175.471081,-40.904241,Easy,60
2474.314319,175.637194,-40.725553,Easy,120
2476.067212,170.0299526,-43.48991334,Easy,40
2477.083467,168.3565644,-44.77622902,Advanced,330
2485.150805,172.6945034,-43.71633493,Intermediate,80
2505.452773,171.387958,-42.26524571,Expert,240
2525.43211,172.766947,-42.4266744,Easy,300
2527.673089,173.7257538,-35.19478429,Advanced,60
2529.837539,174.7150421,-36.30713854,Advanced,210
2553.998415,170.608004,-45.89409404,Advanced,90
2558.600217,176.6729253,-38.68177862,Easy,240
2570.670601,171.2616875,-42.40842991,Easy,60
2575.691201,170.6757452,-45.6030432,Easy,90
2596.396968,175.2365175,-41.4482796,Easy,180
2602.203777,175.9084942,-37.76051193,Advanced,360
2606.857454,172.3893684,-42.37968543,Advanced,90
2612.022193,168.3894115,-44.77569133,Easy,45
2617.337136,174.0917301,-39.2741622,Easy,90
2629.400057,170.6484399,-45.75595154,Easy,90
2658.043846,171.2292257,-43.89648234,Easy,45
2659.286116,168.0924929,-44.79997213,Advanced,810
2679.396934,173.3029231,-42.86492903,Easy,90
2688.623341,170.9620003,-44.62651421,Expert,60
2690.014668,170.1724691,-43.40765308,Easy,90
2700.667084,170.9047506,-42.7912584,Easiest,10
2709.911463,174.9241203,-41.34988879,Easy,45
2710.364696,175.0813241,-40.87905906,Easy,90
2711.532018,170.5002927,-45.80110857,"Easy,Advanced",210
2717.697436,170.356162,-44.64318997,Easy,60
2721.120865,169.3989266,-44.08426767,Advanced,420
2781.15302,176.0409845,-39.8410076,Advanced,150
2784.630441,175.9785101,-37.79737147,Easy,90
2797.662231,176.036925,-39.81414495,Advanced,210
2829.035645,175.0939536,-38.26096863,Easy,75
2847.839102,174.3527108,-35.9284592,Easy,90
2849.757728,174.56917,-35.848761,Easy,180
2865.77364,176.0863568,-38.65892803,"Easiest,Easy",10
2906.446714,174.9366431,-41.34564582,Easy,60
2925.594244,169.8725393,-44.36927697,Easy,60
2946.382344,174.9630636,-41.32338931,Advanced,150
2966.500096,167.4803499,-45.74512979,Advanced,270
2992.429545,170.5788125,-45.80618572,Easy,150
3001.665476,175.9612347,-38.69781067,Easy,90
3027.133188,176.8834351,-39.48193172,Easy,60
3033.862384,171.080694,-43.63308857,Advanced,180
3039.152668,171.4916103,-43.31770664,Expert,180
3044.91772,175.4238619,-36.17581087,Easy,10
3070.054227,174.9901592,-36.77734161,Advanced,55
3075.526539,167.3688507,-45.98410746,Advanced,240
3084.982809,168.5481892,-45.06675519,Easy,180
3102.162016,173.779795,-41.26770498,"Easiest,Easy",10
3105.242282,174.9898877,-41.33302225,Intermediate,90
3105.662733,175.7547087,-38.90839374,Easy,45
3107.470063,168.5470648,-45.05585505,Easy,90
3131.196416,168.452662,-44.62401,Advanced,540
3177.238835,176.9023929,-39.85838826,Easiest,30
3195.585901,178.0400144,-38.64064238,Easy,180
3196.471981,167.9750149,-44.6652602,Expert,300
3200.259742,171.4592061,-41.76501132,"Easiest,Easy",75
3202.751831,174.4719984,-35.51178864,Easy,120
3217.853171,172.3456137,-42.55143692,Advanced,180
3219.655421,176.0148739,-38.73619624,Easy,90
3222.047277,174.7923137,-36.50569392,Easy,90
3222.734944,170.6440617,-43.77831965,Advanced,210
3284.209167,171.22407,-43.63237,Advanced,150
3294.148978,173.5248501,-35.53866311,Advanced,120
3306.388705,174.1242591,-35.88049668,Advanced,225
3322.526724,174.1196,-41.08683013,Advanced,360
3330.867075,168.772812,-45.137258,Advanced,240
3332.445698,170.0896827,-45.57107006,Easiest,60
3348.688945,176.0916222,-38.65195516,Easy,60
3351.968953,170.5887589,-45.75772721,Easy,60
3358.733709,170.7773311,-45.40047794,"Easy,Advanced",30
3406.462739,175.5499106,-39.07214911,Easy,150
3408.967142,-176.5559907,-43.8521684,Easy,120
3419.141567,174.7277574,-38.9453906,Advanced,210
3420.027343,174.5294993,-35.8546474,Easy,90
3421.535853,175.9982059,-39.02072115,Easy,75
3425.299664,169.9976635,-43.49087334,Expert,480
3432.070434,173.298376,-42.89784062,Intermediate,105
3438.489096,174.193144,-35.22168122,Easy,150
3455.563327,167.7048282,-45.43801614,Easy,50
3456.269258,168.1739791,-46.97125097,Easiest,60
3482.189873,173.9775968,-35.13133581,Easy,40
3493.115493,175.9123851,-37.89255662,Advanced,75
3499.480565,168.5798598,-45.06307697,Easy,90
3501.13849,171.1732976,-42.81448126,Advanced,420
3509.844119,169.146338,-45.0770941,Easy,90
3527.871843,171.1798722,-43.98365418,Easy,90
3531.871516,168.662001,-44.913323,Advanced,330
3539.196513,175.2577801,-38.07071064,Advanced,150
3569.134806,175.7712024,-37.317907,Easy,105
3579.641885,174.9798723,-38.07268648,Easiest,90
3580.668925,174.3958874,-35.47320545,Advanced,120
3581.129057,172.5947346,-41.80248528,Easy,180
3584.226633,171.5589938,-42.92143446,Easy,160
3597.770111,171.5265741,-42.40156901,Easiest,60
3609.945148,169.2441731,-44.23503459,Advanced,300
3619.160677,170.5536408,-45.90097817,Advanced,120
3619.967098,168.0736692,-44.83017231,Expert,240
3632.311888,172.6933589,-34.47926107,Easy,180
3646.434771,169.4732921,-46.56424565,Easy,60
3647.234821,170.869203,-44.43331313,Advanced,150
3648.522208,168.2968753,-44.76338544,Advanced,360
3681.260924,170.694016,-45.766098,Advanced,120
3714.458289,175.5031549,-39.33039862,Easy,80
3739.400915,170.1782474,-43.43216391,Advanced,320
3741.219226,174.4652588,-36.84250676,,150
3752.150139,177.8007948,-38.98481859,Advanced,150
3764.403177,174.6292152,-36.36134583,Advanced,90
3786.092783,175.4497301,-40.90287589,Easy,90
3808.872839,173.9437527,-34.9979248,Easy,110
3965.725559,176.2644738,-39.72037491,Easy,210
3995.522639,178.3084304,-38.2313073,Easy,120
4005.274464,172.6565375,-41.10695497,Easy,120
4014.430804,176.0177115,-39.98599068,Advanced,210
4036.884872,173.7170601,-35.20064991,Advanced,150
4044.750326,169.2588807,-44.42802282,Advanced,300
4047.873045,176.255891,-39.66932113,Advanced,150
4049.057185,176.082199,-38.18631469,Advanced,120
4056.553751,169.5880057,-44.27401822,Advanced,210
4084.883551,174.953692,-41.34927724,Advanced,90
4102.527376,175.351379,-40.98370699,Intermediate,1800
4112.017564,173.8136766,-35.75077303,Advanced,180
4115.832717,174.0693287,-41.20518085,Easy,10
4133.65996,172.2748691,-42.39662912,Advanced,330
4142.722385,174.5973201,-36.08109783,Easy,150
4169.537548,172.8212641,-41.82715527,Advanced,300
4178.762301,169.9701145,-43.44698556,Easiest,90
4191.582229,176.0075236,-39.897251,Easy,150
4192.740278,175.3883534,-36.16958369,Advanced,150
4194.092809,172.3302046,-43.16064558,Expert,300
4206.429489,169.5851983,-44.21797569,"Advanced,Expert",230
4208.456849,175.1929246,-38.95158757,Easy,120
4212.215412,177.119788,-38.344263,Easiest,60
4238.058524,176.5123279,-38.17410838,Easy,120
4256.800389,174.0837644,-39.31441218,"Advanced,Expert",330
4257.113084,172.336309,-43.18403583,Easy,90
4269.919687,174.0432956,-39.10399643,Easiest,45
4288.635758,177.7965618,-38.9818364,Advanced,120
4295.590365,168.0148684,-44.7567559,Expert,300
4300.234973,170.3296148,-44.20642262,Advanced,120
4305.382387,176.212247,-38.7656267,Easiest,30
4307.521735,171.5301807,-43.54647135,Advanced,120
4310.939605,168.1033733,-44.70108755,Expert,1080
4330.657313,168.0442592,-44.89457319,Advanced,180
4331.692699,175.4887034,-36.75804729,Easy,90
4344.599678,168.6282286,-46.5550029,"Easiest,Easy",10
4373.612159,170.6667056,-45.89318722,Easy,150
4387.660379,168.3896485,-44.84324839,Easy,90
4395.838145,174.3179709,-35.18507175,Advanced,480
4399.689845,174.936556,-41.34321281,Easy,90
4399.801591,175.7364854,-37.42799613,Easy,60
4406.891394,167.5363447,-45.79223037,Easy,90
4459.970105,170.0273194,-43.48281884,Easy,140
4491.041302,173.9844469,-41.88559262,Expert,150
4496.859226,176.3827481,-37.75314258,Easy,75
4499.005844,171.1341583,-42.84288394,Easy,240
4520.67917,174.1075,-39.31796998,Advanced,90
4521.378161,177.3549725,-37.98740626,Easy,240
4525.194931,173.4421893,-35.53021739,"Easiest,Easy",150
4542.668223,168.317107,-44.68877591,Advanced,540
4555.813693,175.5408265,-37.02612372,Easy,150
4557.861652,172.5518639,-40.63409605,Advanced,80
4562.345007,174.13607,-35.88250511,Advanced,225
4595.580285,174.2859013,-35.76358832,Easy,150
4608.746253,175.3937072,-36.18233368,Easy,210
4627.250988,170.2452208,-43.92699417,Advanced,180
4651.883408,168.6377455,-45.01963718,Easy,210
4670.149993,174.4558047,-36.84748177,"Easy,Advanced",120
4692.15523,169.810247,-44.870071,"Easiest,Advanced",60
4694.175046,170.4064419,-45.81564491,Advanced,210
4713.889658,169.032178,-44.34282,Advanced,420
4720.027796,175.5139004,-39.21513598,Advanced,270
4724.552232,167.6842887,-45.42079562,Easy,120
4748.687539,177.1638557,-38.73384968,Easy,120
4761.84375,176.0652891,-39.77318992,Advanced,540
4774.986697,173.6990326,-42.42853613,Easy,5
4821.924975,175.958477,-37.78105404,Advanced,120
4832.004755,173.8484724,-42.19990538,Expert,270
4833.243419,175.1528488,-40.85931346,Easy,180
4847.137714,171.6845182,-42.78427938,Expert,360
4850.994031,175.7340577,-36.74443646,Easy,105
4875.397827,167.9835344,-45.14119224,Advanced,180
4877.293726,175.2425796,-40.89688233,Intermediate,330
4891.665276,176.3168664,-38.18863713,Advanced,90
4895.490784,174.6821524,-38.97578423,Advanced,480
4897.245761,175.8779473,-40.18707968,Advanced,150
4905.811063,170.0942958,-43.71906155,Easy,180
4930.748322,171.6456767,-43.50876102,Easy,210
4937.509983,177.3053539,-38.34394234,Advanced,900
4960.77004,177.1237763,-38.79588002,Advanced,120
4991.564867,168.3219562,-44.71534662,Easy,100
5020.465194,175.859234,-37.51728376,Advanced,240
5024.440889,175.129978,-37.968716,"Easy,Advanced",90
5031.789263,173.6083215,-35.23701604,Advanced,150
5057.79235,168.1535428,-44.7443979,Expert,300
5060.519948,169.3574776,-45.24647496,Easy,30
5062.101945,168.6767714,-44.83463472,Intermediate,120
5073.265649,176.4399728,-39.30059241,Advanced,210
5073.265649,175.0787027,-38.00993498,Advanced,300
5128.947229,176.0745315,-38.76141785,Easiest,30
5157.016486,175.9029092,-40.16714651,Advanced,300
5170.154511,174.1100016,-39.29408601,Advanced,150
5185.441629,175.1332153,-37.66355491,Easy,180
5202.24658,175.079874,-40.87591825,Advanced,210
5209.607188,172.6163082,-41.15864427,Advanced,150
5227.425548,171.2277762,-42.38511966,Easy,105
5244.575845,175.0800613,-37.93245828,Easy,150
5253.591486,176.1830225,-39.79232685,Easy,150
5277.158666,174.4152469,-35.67853303,Easy,120
5309.244224,175.5259542,-36.73599374,Advanced,90
5324.4391,168.8168876,-44.43791344,Advanced,210
5345.122932,175.215852,-41.16712089,Easy,180
5354.836152,175.3565523,-36.47737605,Easy,120
5355.20372,172.7298439,-40.85456623,Easy,110
5406.865769,175.289284,-40.843958,Advanced,360
5442.775039,174.5817492,-38.88475801,Advanced,330
5469.349914,174.120517,-35.25969856,Easy,30
5487.000645,172.6229023,-40.75209804,Easy,180
5487.9848,177.0082228,-39.63990437,Easy,300
5556.543874,168.8168876,-45.05986931,Advanced,90
5594.724404,174.0832818,-39.2878218,"Advanced,Expert",540
5603.080693,170.1436093,-43.2290026,"Easiest,Easy",180
5605.521042,172.6926613,-43.62792428,"Easiest,Easy",150
5618.762537,177.1483505,-38.7918532,Advanced,120
5626.008929,168.5542845,-45.03623844,Easy,210
5643.699667,177.8797722,-39.12576254,Advanced,150
5676.3247,169.355005,-44.45757003,Easy,420
5697.872517,172.3607576,-43.13593856,Advanced,180
5731.120804,172.5660123,-41.09024989,Advanced,270
5759.623173,175.4315615,-36.20812068,"Easiest,Advanced",45
5785.583899,175.8220988,-40.14956655,Easy,150
5799.115878,169.193467,-44.495988,Advanced,360
5804.666811,169.2571988,-44.17880346,Intermediate,210
5812.7438,174.861671,-36.80638899,Easy,120
5858.550632,175.8415679,-39.1653905,Advanced,210
5878.248156,167.520578,-45.75881168,Advanced,180
5896.98807,172.6953627,-41.18224481,Advanced,180
5926.838445,175.8522956,-37.60674382,Easy,50
5976.806982,175.6512232,-39.09008067,Intermediate,270
5998.892634,169.683398,-44.41296721,Expert,120
6032.525777,170.2504983,-45.84463838,Easy,180
6037.848708,174.1180332,-35.86863066,Advanced,150
6067.516674,168.6052622,-43.98688424,Easy,120
6103.025764,175.7799681,-37.46468682,Advanced,180
6113.189223,174.44655,-36.45021,Advanced,105
6119.335294,173.423693,-41.48115702,Expert,1200
6236.236658,169.8182508,-44.54062618,"Advanced,Expert",120
6282.255202,169.5808408,-44.45948767,Advanced,540
6285.486002,175.2570333,-41.06577555,Advanced,240
6293.218419,170.1493843,-45.8752319,"Easy,Advanced",150
6300.462291,176.0147802,-39.04241818,Advanced,270
6361.725227,169.0717515,-44.67339009,Easy,330
6373.731502,172.7041186,-34.50823445,Easy,270
6381.780252,172.7835552,-34.45340293,Easy,180
6391.746569,168.5355438,-45.05491841,Easy,180
6431.935,176.5503668,-38.04498494,Easy,20
6444.065441,168.1267263,-44.81812323,Intermediate,180
6461.33931,174.074665,-35.30662035,Intermediate,150
6546.7839,170.0872529,-43.71916552,Advanced,240
6581.277382,-176.5729084,-43.76177827,Easy,60
6589.686604,176.2860563,-39.48880776,Advanced,150
6615.106948,172.6957002,-34.42912298,Easy,180
6626.440976,170.9327698,-42.78359637,Easy,120
6748.889579,174.0917839,-39.27889993,Advanced,180
6753.046451,177.2910433,-38.2079337,Easy,120
6755.041061,175.8362812,-37.27461752,Easy,210
6771.845557,176.1107992,-38.62867292,"Easiest,Easy",10
6795.572896,172.7417627,-41.18144045,Advanced,270
6840.040329,174.9531122,-41.34192405,Easy,120
6844.789438,168.4637123,-44.72790912,Easy,180
6859.124305,167.5884531,-45.58014653,Advanced,210
6927.602538,177.7000468,-38.46869898,Easy,150
6928.415975,174.5725345,-35.83909804,Intermediate,330
6992.850742,175.0787027,-38.00993498,Advanced,210
7011.897881,171.7849031,-41.73339129,Easy,360
7033.466636,169.3403525,-44.94573862,Advanced,300
7085.177978,175.13364,-37.975785,Advanced,150
7091.349772,175.4570725,-40.90338508,Easy,210
7094.916432,174.8184341,-41.14690824,Easy,240
7121.889574,175.3668192,-36.1673918,Easy,60
7163.281,170.4234056,-43.04110004,Easy,165
7182.795558,168.801464,-44.979611,Easy,150
7210.901524,171.2073432,-43.4810819,Easy,10
7228.876914,168.6869016,-44.81845827,Advanced,300
7240.026853,175.8547209,-37.50366084,Advanced,240
7260.622087,174.126152,-35.88299461,Advanced,150
7281.561448,176.3006879,-39.62729289,Advanced,150
7310.658091,169.419516,-44.036206,Advanced,330
7337.96206,168.0575763,-45.04066381,Expert,120
7343.304934,177.160335,-38.78318342,Advanced,360
7347.547056,174.7983744,-37.86898074,Advanced,150
7395.488266,175.5316596,-36.61945307,Advanced,180
7433.465484,173.6925369,-41.42591451,Advanced,480
7458.636545,173.4558185,-35.5233817,Advanced,300
7506.947907,175.7796304,-37.46367378,Advanced,240
7570.157857,170.1588424,-43.4148602,Advanced,480
7607.803483,175.067986,-37.938631,Advanced,360
7664.465309,173.2522233,-41.59722931,Expert,330
7757.580872,173.7744424,-41.07142771,Easy,210
7792.587138,175.2224779,-40.88257374,Easy,120
7858.156653,176.1531814,-37.97136191,Expert,330
7876.351051,172.705294,-41.20338171,Expert,210
7882.276376,175.9390126,-37.84660619,Advanced,210
7930.135037,172.6976719,-40.83906302,Expert,300
7933.766109,173.5056117,-41.4748009,Expert,340
7943.397617,175.8570557,-37.63195699,Advanced,270
7945.422393,174.5351628,-36.0668377,Easy,180
7946.474761,172.8725983,-41.81877236,Advanced,300
7977.655449,174.7485405,-38.43029922,Advanced,480
8045.104635,175.4860592,-40.85675301,Advanced,480
8048.44482,168.4273051,-44.71091415,Advanced,480
8068.935535,173.596344,-35.79454939,"Easy,Advanced",30
8075.612675,175.3889838,-36.09553333,Expert,480
8080.601307,173.5559909,-35.74618454,"Easy,Advanced",390
8198.174005,172.5574068,-40.64008928,Expert,540
8241.54867,170.0392135,-45.91874626,Advanced,270
8296.727692,177.4080337,-38.278097,Advanced,210
8305.9267,175.8246168,-41.34659677,"Easy,Expert",330
8336.147289,171.2276831,-43.89618696,Advanced,330
8349.120626,173.3213056,-41.56791843,Advanced,150
8363.090536,172.2517406,-42.32432015,Intermediate,180
8407.944413,169.4778811,-44.91238084,Advanced,300
8425.969103,175.8025403,-40.3249416,Easy,240
8529.46922,169.6360911,-44.18566905,Advanced,360
8536.291096,174.9926057,-41.2976139,Advanced,420
8541.816468,171.3782066,-42.28994445,Advanced,900
8559.994843,175.7460211,-37.41885919,Easy,45
8606.679683,168.1259016,-44.66129377,Advanced,300
8617.298125,169.343396,-44.632884,Advanced,300
8626.428334,177.3090691,-38.17040607,Advanced,210
8630.909856,172.0697304,-43.25340791,Easy,300
8639.90388,174.747782,-39.52137178,Advanced,240
8729.446131,174.1078309,-39.31681733,Advanced,80
8787.832964,168.5885169,-43.99923084,Expert,240
8800.802075,172.8315711,-41.8440485,Easy,300
8815.516167,172.0382551,-43.22452623,Intermediate,900
8877.984689,168.3221325,-44.95008354,Easy,300
8911.418456,175.7820179,-37.49900904,Intermediate,480
8915.38282,174.6259033,-38.92236085,Advanced,390
9004.641979,167.4965809,-45.72059096,Advanced,420
9030.798372,174.796649,-38.41450833,Intermediate,360
9080.546386,171.969911,-42.08878012,"Advanced,Expert",1500
9080.546386,176.0388663,-39.83954769,Advanced,2100
9112.758816,170.0530523,-44.55172092,Easy,105
9121.186234,173.391475,-41.17332442,Easy,210
9187.601994,171.5139009,-43.00099912,Expert,1200
9261.72863,171.8812823,-41.609507,Easy,150
9343.511162,171.1104832,-42.77312276,Easy,210
9380.188402,169.3668504,-45.29580625,"Easy,Advanced",420
9388.04336,175.7152657,-38.70936792,Easy,210
9472.036487,168.7201304,-45.06291386,Easy,240
9481.501485,171.398521,-43.63211637,Advanced,300
9613.075863,167.6838923,-45.46797012,Intermediate,150
9720.53566,175.3815616,-36.20442012,Advanced,300
9743.614004,175.8542516,-37.61344781,Advanced,300
9829.441473,171.4388021,-42.26327373,Easy,150
9922.033971,170.6221465,-43.87260263,Easy,270
9926.516904,175.4995263,-39.3314996,Advanced,300
10064.11416,168.4210331,-44.85152524,"Intermediate,Advanced",150
10076.01077,173.3842936,-35.5659683,Easy,240
10095.85507,175.1383506,-40.91728474,Advanced,420
10106.14908,169.1271723,-45.08361896,Advanced,210
10256.44346,170.1707624,-43.43359035,Easy,90
10258.28091,175.7191967,-37.10437238,Easy,5
10301.39398,167.9656922,-44.93606893,Expert,480
10378.44922,175.0949166,-37.86196673,Advanced,180
10389.30038,177.3955648,-38.14926759,Advanced,120
10399.49809,175.446205,-40.90177,Intermediate,780
10403.13337,175.7349757,-39.54152146,Advanced,150
10414.32102,176.0357182,-39.94800817,Advanced,270
10455.38192,177.3881146,-38.27966379,Advanced,150
10550.88909,173.4670282,-35.50872067,Advanced,90
10578.06316,169.3861729,-44.13735517,Advanced,360
10599.10816,173.2014298,-42.09420296,Advanced,10
10601.79703,170.6249129,-43.65347115,Advanced,300
10677.84687,176.2832869,-39.96495394,Easiest,105
10707.33554,174.7264169,-38.46005247,Advanced,840
10723.18039,169.4503962,-44.90707986,Advanced,300
10767.32762,168.9231076,-45.0666181,Advanced,480
10808.62116,168.94002,-45.01681517,Easy,120
10853.43685,172.6929746,-41.12935934,Advanced,120
10856.86009,175.7551419,-37.54766227,Advanced,120
11099.87703,174.8387226,-38.8683871,Advanced,270
11140.05051,174.492588,-36.0709906,Advanced,360
11147.90657,168.68132,-44.511619,Expert,360
11208.485,174.1641991,-39.29189434,Easy,180
11352.3479,175.8721946,-37.73557363,"Easy,Advanced",210
11355.99745,174.9719147,-41.34013975,Advanced,600
11381.3241,176.9083907,-39.22200812,"Easiest,Easy",120
11422.09776,176.0287095,-39.99555939,Advanced,540
11422.56164,174.802487,-38.47091454,Advanced,480
11431.99364,175.3845873,-39.37513706,Easy,270
11579.62589,167.4592865,-45.83573596,"Advanced,Expert",600
11587.27367,174.5551169,-38.86312183,Easy,480
11591.71309,174.2294041,-35.21697496,Easy,300
11635.69132,173.7033237,-35.23546643,Intermediate,120
11708.9933,170.1630012,-43.82164377,Advanced,150
11737.91407,178.0542855,-37.91284754,Advanced,420
11751.04192,176.697858,-38.69727915,Easy,240
11762.16636,173.5721816,-41.4638077,Expert,480
11768.40212,174.8902588,-36.59984462,"Easiest,Easy",180
11802.6525,171.7933497,-42.99300749,Advanced,1200
12034.49501,174.8270064,-38.90876074,Advanced,450
12051.86045,169.7020696,-44.51277656,Advanced,420
12092.28809,175.829158,-37.60123444,Advanced,300
12250.87705,175.1388144,-39.72710868,Advanced,420
12280.30351,169.31935,-44.176629,Advanced,270
12327.64082,168.1311919,-44.80484768,Advanced,240
12345.70847,175.4247904,-36.21568074,Advanced,360
12388.4671,168.4352389,-44.84647221,Advanced,540
12591.30799,175.4542453,-36.15889087,Advanced,30
12791.54386,175.4346755,-40.62498796,Advanced,840
12803.32642,175.5268949,-40.55122894,Advanced,780
12865.57732,174.0826989,-39.32766378,Advanced,450
12956.8928,167.6524,-45.40740052,Intermediate,540
13088.74151,171.5456759,-42.94499698,Expert,1200
13122.5973,172.1728613,-43.0762799,Advanced,270
13177.35796,169.4589776,-46.43875107,Advanced,900
13195.61637,172.643854,-42.37819934,Expert,360
13385.00574,175.8928309,-39.15028412,Advanced,300
13444.58245,175.078202,-37.95829,Advanced,300
13629.42119,175.1293887,-37.64328414,Advanced,450
13638.73984,173.8643909,-41.34956801,Advanced,300
13650.04875,175.8579412,-37.53749589,Advanced,300
13722.50858,173.2393949,-41.5786031,Advanced,1500
13848.59773,176.403595,-38.22316,Advanced,330
13865.22966,175.8529905,-37.59111006,Advanced,420
13992.94903,169.4002728,-43.80624603,"Advanced,Expert",1200
14098.2837,173.5341575,-35.53208291,Advanced,600
14190.83666,176.4194513,-39.17812484,Intermediate,900
14357.25272,175.814981,-39.00866415,Easy,150
14470.68136,168.665947,-44.464451,Advanced,330
14533.15561,167.3357432,-46.0265057,Advanced,540
14868.58282,172.3372133,-43.17518047,Advanced,330
14964.48335,168.8504555,-46.05917604,"Easy,Advanced",120
15138.02442,167.233984,-46.10426495,Expert,600
15212.89282,175.62146,-37.81400582,Advanced,210
15289.57149,169.435318,-44.528134,Advanced,1200
15362.99521,172.7098096,-42.29894947,Advanced,330
15365.14878,168.66593,-44.463917,Advanced,690
15478.15126,168.629884,-44.493628,Expert,300
15536.58578,172.2586075,-43.18310895,Advanced,300
15595.85971,169.8797173,-43.6102812,Intermediate,420
15603.60735,167.6827234,-45.46948876,Intermediate,210
15683.91079,172.7814462,-41.83665787,Intermediate,150
15759.75604,172.5636692,-41.5232872,"Advanced,Expert",960
15823.86251,167.339704,-46.1213505,Advanced,600
15835.97455,170.0641876,-44.12643027,Advanced,180
15846.51441,175.1884997,-40.89378064,Advanced,540
15898.97454,175.679367,-37.055344,Intermediate,270
15920.06939,175.8650058,-38.63830494,Easy,120
15933.36448,169.2132875,-44.12294067,Advanced,150
15962.11912,173.3688823,-35.53550493,Easiest,15
15962.11912,176.2466755,-37.80015673,Advanced,240
16096.67815,168.1449996,-44.80218037,Intermediate,360
16301.71772,168.665947,-44.464451,Advanced,380
16454.82476,173.8275177,-42.2360409,Advanced,360
16480.86178,172.660372,-41.12820864,Expert,360
16519.88997,175.4117957,-36.49652763,Easy,420
16551.33118,176.077568,-39.9398966,Advanced,1800
16597.71381,175.8418678,-37.50695743,Advanced,240
17335.07773,177.3935388,-38.2242337,Expert,420
17401.63,169.6450692,-44.47461203,Advanced,540
17462.07339,169.2532123,-43.82328811,Advanced,1800
17522.26612,167.5136478,-45.02084995,Expert,2100
17562.7012,169.9073691,-44.61165851,Advanced,180
17562.7012,172.7835552,-34.45340293,Easy,330
17673.36408,172.8329311,-41.84212193,Advanced,510
18031.48081,173.4255143,-35.20931934,Advanced,540
18033.94445,172.0797786,-43.24060616,Advanced,480
18049.86014,173.9850585,-39.30211429,Advanced,360
18119.66698,168.2587361,-44.88056347,Intermediate,2400
18192.86097,169.259597,-44.713347,Easy,360
18213.47197,175.7814129,-37.26116627,Advanced,300
18282.31643,167.4578209,-45.80334955,Advanced,360
18298.43003,177.4613414,-38.15785525,Intermediate,375
18463.47308,171.366957,-43.60710565,"Intermediate,Advanced",1200
18647.10391,174.0533159,-39.23581422,Advanced,500
18841.85081,174.9600265,-41.32522289,Advanced,360
19048.16548,173.7912736,-35.21101224,Easy,60
19048.16548,176.0087807,-40.05337954,Advanced,360
19079.71901,167.3656778,-45.7740298,Advanced,540
19096.69508,175.5810012,-39.14449724,Intermediate,450
19109.83003,177.136749,-38.73004684,Advanced,360
19457.4311,171.5477155,-42.93647063,Expert,420
19518.41279,170.1278131,-44.24948984,Easy,180
19522.30502,176.3926899,-38.10590065,Advanced,420
19733.6682,176.0572817,-39.92698494,Advanced,1800
20104.45271,168.7240664,-44.49415127,Easy,210
20367.52221,174.0414961,-41.36874812,Easy,10
20384.36035,169.7492925,-44.35532028,Advanced,300
20540.72752,173.6112606,-41.42814903,Advanced,420
20543.11825,175.0473499,-41.31867498,Advanced,720
20736.32701,169.43331,-44.341489,Advanced,660
20785.82955,174.0524657,-39.26367648,Advanced,1500
21303.13408,172.6878431,-34.4898878,Advanced,270
21310.19161,175.4491715,-40.88101185,Intermediate,720
21512.77157,171.6564492,-42.93149185,Expert,1500
21580.57956,173.7382079,-35.23012298,Advanced,1200
21858.26064,169.072869,-44.722126,Advanced,630
22119.96399,175.9334367,-38.68591289,Easy,270
22265.33349,177.0842105,-38.79216788,Intermediate,900
22504.97753,175.3816537,-37.38269202,Advanced,900
22545.15703,167.5817773,-45.59137617,Advanced,270
22622.30352,172.0402893,-43.19203335,Advanced,1200
22819.93446,172.6826219,-41.19238336,"Easy,Expert",1200
22946.86094,173.6349321,-35.57101649,Advanced,720
23132.58858,173.5973413,-42.29721608,"Easy,Expert",45
23572.05438,170.5056321,-43.62197302,Advanced,660
23692.26536,171.6921417,-43.09539567,"Advanced,Expert",1500
23834.83814,176.0262147,-39.89984404,Advanced,1200
24114.61161,177.2781492,-38.41366129,Advanced,1500
24199.29326,176.7259072,-38.71496293,Advanced,1500
24559.71717,173.7769119,-41.16881846,Advanced,570
24941.00978,175.689982,-37.05649884,Intermediate,300
25292.67914,168.871212,-44.34169102,Expert,510
25306.53165,168.0613758,-46.87363883,Intermediate,1800
25501.85756,171.4433926,-42.84992393,Expert,1200
25573.05377,174.0621907,-41.52287994,Easy,180
26050.82296,172.1396012,-42.48389525,Advanced,1500
26806.8167,175.127825,-37.98135,Advanced,300
26891.52866,173.1213524,-41.94156088,Expert,2700
26952.75935,167.5695861,-45.60293752,Advanced,300
27068.09638,169.8122194,-44.02985055,Advanced,540
27235.40859,171.6810267,-42.87733224,Expert,1500
27674.29598,175.2937637,-41.53117798,Advanced,1500
28176.66192,172.1725754,-43.07522281,Advanced,1200
28489.1932,170.7334985,-43.22023736,"Advanced,Expert",1800
29384.06784,170.870781,-43.04411566,"Advanced,Expert",1500
29930.0888,169.9394872,-43.62380619,"Advanced,Expert",1800
29961.84823,167.7856204,-44.81353592,Intermediate,2400
30498.60967,172.78462,-43.71553,"Intermediate,Advanced",1500
31289.93639,177.0254011,-38.7524758,Intermediate,2100
31680.65758,175.0594476,-39.2073007,Advanced,1500
31941.65681,173.2979226,-41.5464965,Advanced,1200
32189.20895,171.0091276,-43.10568786,Advanced,2100
32332.08177,169.015809,-44.24852957,Advanced,420
32435.53602,168.903288,-44.776573,Advanced,2100
32787.71623,172.5713008,-40.94437026,Expert,3600
33217.85311,167.3755061,-46.1847714,Intermediate,1800
34292.53523,168.1814959,-44.7603144,Intermediate,1800
34534.85086,175.4020129,-36.21279083,Advanced,1500
34560.65175,169.8567229,-43.65688693,Expert,1200
34817.02606,171.6165551,-42.88400405,Expert,1500
35089.00364,174.8585441,-39.34062725,Advanced,2400
38885.85769,169.8240656,-43.96440237,Advanced,660
40119.91518,175.2636439,-40.97461729,Advanced,1800
40630.72832,170.464692,-43.24497811,Expert,1200
41029.96064,171.8607645,-42.89424765,Expert,2100
41613.64225,177.150494,-38.70923722,Advanced,1800
41684.30391,172.784208,-41.85342461,"Advanced,Expert",1500
42031.77798,176.2077564,-39.03180196,Advanced,1800
42616.78164,171.2470947,-42.94759433,"Advanced,Expert",2100
43559.08022,171.136274,-42.98462726,"Advanced,Expert",2700
44224.98397,176.0454015,-39.75481471,Advanced,1800
45151.34487,171.3440156,-42.94953921,Expert,2700
45410.00684,170.4789653,-43.34880515,"Advanced,Expert",1800
45479.92851,175.624558,-39.1458107,Intermediate,2100
45555.45858,176.0388663,-39.83954769,Advanced,1500
45641.02679,176.0257461,-39.9907306,Advanced,1800
45641.02679,167.3755061,-46.1847714,Intermediate,1800
45975.23511,172.6876856,-41.23354609,Expert,1200
46258.31634,172.9349175,-40.91285787,Advanced,1800
46597.11962,171.4368912,-42.88746611,Expert,2100
47147.35256,172.7556148,-34.45732603,Easy,2100
48400.79337,171.0584636,-43.5363904,Advanced,240
50184.49056,169.513451,-44.358808,Advanced,1500
50620.79428,172.678597,-40.92487005,Advanced,2400
53855.50795,176.0990427,-39.70015898,Advanced,2400
55576.36053,169.599108,-44.775114,Advanced,900
56862.51275,174.087409,-41.19653215,Advanced,2700
57544.15386,167.242204,-46.24270145,"Intermediate,Advanced,Expert",2820
57976.85323,172.3622201,-41.4057522,"Advanced,Expert",300
60211.4503,167.5749756,-45.45147182,Intermediate,2100
62747.805,167.0811449,-45.67490236,Advanced,5400
62923.73138,172.4917362,-42.39193556,Advanced,3000
64118.81657,169.0564191,-44.2112604,Advanced,2100
64475.79228,168.2411748,-45.02396173,Advanced,2400
64698.66557,173.0175497,-40.86511127,Intermediate,2400
64823.67753,172.5426321,-42.27866083,Expert,2700
65134.84337,174.087409,-41.19653215,Intermediate,2400
65134.84337,174.0937593,-39.27213748,"Advanced,Expert",2700
70247.81711,172.3028297,-40.88644937,Intermediate,300
70946.0483,168.4672097,-44.69357176,Advanced,2700
71926.56678,175.6280802,-39.29012894,Advanced,300
74534.37081,175.8448043,-37.64857463,Expert,3600
78581.5092,171.2729818,-42.85870169,Advanced,1800
84545.6959,172.8061652,-41.91644668,Advanced,330
84653.26536,171.9993148,-42.70045795,Advanced,2700
85782.09269,167.88232,-46.957926,Advanced,300
92893.99727,168.0646246,-44.51784236,Advanced,2700
119965.7442,167.9106115,-46.86731301,Advanced,3600
125082.131,172.4395031,-41.31655782,Advanced,4500